,Geographic Country/Region,Geographic Continent
84.204.255.194,,
4.79.148.185,,
23.150.137.134,,
228.113.33.93,,
246.59.111.139,,
12.53.129.245,,
11.11.198.46,,
67.178.120.157,,
198.205.92.154,,
22.117.205.16,,
207.85.194.19,,
5.189.135.232,,
110.95.194.55,,
151.164.112.54,,
155.137.166.54,,
164.184.18.211,,
169.76.165.131,,
165.149.110.1,,
39.16.85.255,,
152.14.190.180,,
23.102.40.238,,
55.47.69.251,,
42.248.32.75,,
1.8.167.151,,
182.149.219.44,,
246.79.170.108,,
56.129.56.122,,
177.113.186.93,,
118.127.61.178,,
77.59.126.223,,
111.25.88.94,,
54.95.33.171,,
170.208.248.161,,
167.77.126.248,,
52.79.208.36,,
251.209.162.179,,
178.155.144.124,,
255.79.79.62,,
196.20.227.83,,
104.99.109.52,,
161.229.8.240,,
139.179.233.43,,
28.40.105.250,,
157.48.75.163,,
34.47.132.193,,
149.245.11.40,,
5.47.37.107,,
148.241.3.125,,
71.243.57.35,,
67.31.136.254,,
240.23.175.28,,
151.187.193.91,,
74.46.80.159,,
97.56.105.220,,
159.38.134.148,,
211.208.12.163,,
179.160.167.72,,
157.195.213.147,,
249.223.93.156,,
129.39.179.9,,
94.176.210.91,,
139.69.237.207,,
18.225.68.100,,
168.178.76.169,,
217.75.231.87,,
155.48.173.158,,
64.38.10.109,,
196.199.136.243,,
236.49.42.87,,
176.173.245.157,,
234.137.10.147,,
137.51.78.187,,
232.135.73.187,,
110.39.12.177,,
5.68.15.120,,
95.107.19.58,,
58.133.21.21,,
93.223.241.43,,
209.204.206.86,,
222.32.16.182,,
51.0.119.198,,
111.119.148.10,,
252.106.190.201,,
0.82.146.99,,
111.6.33.87,,
176.166.70.106,,
60.64.120.144,,
188.252.243.88,,
148.67.62.200,,
211.178.201.179,,
83.111.15.154,,
80.67.34.147,,
225.201.233.39,,
171.158.146.98,,
20.235.64.63,,
19.22.149.91,,
6.158.78.202,,
133.200.116.151,,
187.205.109.89,,
96.164.53.83,,
134.217.50.204,,
